,fixed acidity,volatile acidity,citric acid,residual sugar,chlorides,free sulfur dioxide,quality
count,4898.0,4898.0,4898.0,4898.0,4898.0,4898.0,4898.0
mean,6.853603511637402,0.27756431196406695,0.3343466721110658,6.366159657002858,0.04546284197631687,35.139546753777054,5.88097182523479
std,0.8095772572865051,0.09599866014156214,0.11436443451581794,4.944806423954275,0.01887648738601129,15.962508848766403,0.8715322279550427
min,5.2,0.13,0.1,1.0,0.023,7.0,4.0
25%,6.3,0.21,0.27,1.7,0.036000000000000004,23.0,5.0
50%,6.8,0.26,0.32,5.2,0.043,34.0,6.0
75%,7.3,0.32,0.39,9.9,0.05,46.0,6.0
max,9.2,0.63,0.74,18.8,0.16,81.0,8.0
